|원형|현재형|과거형|과거분사형|현재분사형|
|abandon|abandons|abandoned|abandoned|abandoning|
|absorb|absorbs|absorbed|absorbed|absorbing|
|abuse|abuses|abused|abused|abusing|
|access|accesses|accessed|accessed|accessing|
|accompany|accompanies|accompanied|accompanied|accompanying|
|accomplish|accomplishes|accomplished|accomplished|accomplishing|
|account|accounts|accounted|accounted|accounting|
|accuse|accuses|accused|accused|accusing|
|achieve|achieves|achieved|achieved|achieving|
|acknowledge|acknowledges|acknowledged|acknowledged|acknowledging|
|acquire|acquires|acquired|acquired|acquiring|
|act|acts|acted|acted|acting|
|adapt|adapts|adapted|adapted|adapting|
|add|adds|added|added|adding|
|address|addresses|addressed|addressed|addressing|
|adjust|adjusts|adjusted|adjusted|adjusting|
|admire|admires|admired|admired|admiring|
|admit|admits|admitted|admitted|admitting|
|adopt|adopts|adopted|adopted|adopting|
|advance|advances|advanced|advanced|advancing|
|advertise|advertises|advertised|advertised|advertising|
|advise|advises|advised|advised|advising|
|affect|affects|affected|affected|affecting|
|afford|affords|afforded|afforded|affording|
|agree|agrees|agreed|agreed|agreeing|
|aim|aims|aimed|aimed|aiming|
|alert|alerts|alerted|alerted|alerting|
|allocate|allocates|allocated|allocated|allocating|
|allow|allows|allowed|allowed|allowing|
|alter|alters|altered|altered|altering|
|amaze|amazes|amazed|amazed|amazing|
|amend|amends|amended|amended|amending|
|analyze|analyzes|analyzed|analyzed|analyzing|
|announce|announces|announced|announced|announcing|
|annoy|annoys|annoyed|annoyed|annoying|
|answer|answers|answered|answered|answering|
|anticipate|anticipates|anticipated|anticipated|anticipating|
|apologize|apologizes|apologized|apologized|apologizing|
|appeal|appeals|appealed|appealed|appealing|
|appear|appears|appeared|appeared|appearing|
|applaud|applauds|applauded|applauded|applauding|
|apply|applies|applied|applied|applying|
|appoint|appoints|appointed|appointed|appointing|
|appreciate|appreciates|appreciated|appreciated|appreciating|
|approach|approaches|approached|approached|approaching|
|approve|approves|approved|approved|approving|
|argue|argues|argued|argued|arguing|
|arise|arises|arose|arisen|arising|
|arrange|arranges|arranged|arranged|arranging|
|arrest|arrests|arrested|arrested|arresting|
|arrive|arrives|arrived|arrived|arriving|
|articulate|articulates|articulated|articulated|articulating|
|ask|asks|asked|asked|asking|
|assert|asserts|asserted|asserted|asserting|
|assess|assesses|assessed|assessed|assessing|
|assign|assigns|assigned|assigned|assigning|
|assist|assists|assisted|assisted|assisting|
|associate|associates|associated|associated|associating|
|assume|assumes|assumed|assumed|assuming|
|assure|assures|assured|assured|assuring|
|astonish|astonishes|astonished|astonished|astonishing|
|attach|attaches|attached|attached|attaching|
|attack|attacks|attacked|attacked|attacking|
|attain|attains|attained|attained|attaining|
|attempt|attempts|attempted|attempted|attempting|
|attend|attends|attended|attended|attending|
|attract|attracts|attracted|attracted|attracting|
|attribute|attributes|attributed|attributed|attributing|
|authorize|authorizes|authorized|authorized|authorizing|
|avoid|avoids|avoided|avoided|avoiding|
|awake|awakes|awoke|awoken|awaking|
|award|awards|awarded|awarded|awarding|
|back|backs|backed|backed|backing|
|bake|bakes|baked|baked|baking|
|balance|balances|balanced|balanced|balancing|
|ban|bans|banned|banned|banning|
|base|bases|based|based|basing|
|bathe|bathes|bathed|bathed|bathing|
|be|is/am/are|was/were|been|being|
|bear|bears|bore|borne/born|bearing|
|beat|beats|beat|beaten|beating|
|become|becomes|became|become|becoming|
|begin|begins|began|begun|beginning|
|behave|behaves|behaved|behaved|behaving|
|believe|believes|believed|believed|believing|
|belong|belongs|belonged|belonged|belonging|
|benefit|benefits|benefited|benefited|benefiting|
|bet|bets|bet|bet|betting|
|betray|betrays|betrayed|betrayed|betraying|
|bid|bids|bid|bid|bidding|
|bind|binds|bound|bound|binding|
|bite|bites|bit|bitten|biting|
|blame|blames|blamed|blamed|blaming|
|bless|blesses|blessed|blessed|blessing|
|blow|blows|blew|blown|blowing|
|board|boards|boarded|boarded|boarding|
|boast|boasts|boasted|boasted|boasting|
|boil|boils|boiled|boiled|boiling|
|book|books|booked|booked|booking|
|bore|bores|bored|bored|boring|
|borrow|borrows|borrowed|borrowed|borrowing|
|bother|bothers|bothered|bothered|bothering|
|bounce|bounces|bounced|bounced|bouncing|
|bow|bows|bowed|bowed|bowing|
|break|breaks|broke|broken|breaking|
|breathe|breathes|breathed|breathed|breathing|
|breed|breeds|bred|bred|breeding|
|bring|brings|brought|brought|bringing|
|broadcast|broadcasts|broadcast|broadcast|broadcasting|
|brush|brushes|brushed|brushed|brushing|
|build|builds|built|built|building|
|burn|burns|burned/burnt|burned/burnt|burning|
|burst|bursts|burst|burst|bursting|
|bury|buries|buried|buried|burying|
|buy|buys|bought|bought|buying|
|calculate|calculates|calculated|calculated|calculating|
|call|calls|called|called|calling|
|calm|calms|calmed|calmed|calming|
|campaign|campaigns|campaigned|campaigned|campaigning|
|camp|camps|camped|camped|camping|
|cancel|cancels|canceled|canceled|canceling|
|capture|captures|captured|captured|capturing|
|care|cares|cared|cared|caring|
|carry|carries|carried|carried|carrying|
|carve|carves|carved|carved|carving|
|cast|casts|cast|cast|casting|
|catch|catches|caught|caught|catching|
|categorize|categorizes|categorized|categorized|categorizing|
|cause|causes|caused|caused|causing|
|caution|cautions|cautioned|cautioned|cautioning|
|celebrate|celebrates|celebrated|celebrated|celebrating|
|challenge|challenges|challenged|challenged|challenging|
|change|changes|changed|changed|changing|
|charge|charges|charged|charged|charging|
|chase|chases|chased|chased|chasing|
|chat|chats|chatted|chatted|chatting|
|check|checks|checked|checked|checking|
|cheer|cheers|cheered|cheered|cheering|
|choose|chooses|chose|chosen|choosing|
|chop|chops|chopped|chopped|chopping|
|claim|claims|claimed|claimed|claiming|
|clarify|clarifies|clarified|clarified|clarifying|
|classify|classifies|classified|classified|classifying|
|clean|cleans|cleaned|cleaned|cleaning|
|clear|clears|cleared|cleared|clearing|
|click|clicks|clicked|clicked|clicking|
|climb|climbs|climbed|climbed|climbing|
|cling|clings|clung|clung|clinging|
|close|closes|closed|closed|closing|
|coach|coaches|coached|coached|coaching|
|collaborate|collaborates|collaborated|collaborated|collaborating|
|collect|collects|collected|collected|collecting|
|combine|combines|combined|combined|combining|
|come|comes|came|come|coming|
|command|commands|commanded|commanded|commanding|
|comment|comments|commented|commented|commenting|
|commit|commits|committed|committed|committing|
|communicate|communicates|communicated|communicated|communicating|
|compare|compares|compared|compared|comparing|
|compete|competes|competed|competed|competing|
|complain|complains|complained|complained|complaining|
|complete|completes|completed|completed|completing|
|compose|composes|composed|composed|composing|
|comprehend|comprehends|comprehended|comprehended|comprehending|
|comprise|comprises|comprised|comprised|comprising|
|compromise|compromises|compromised|compromised|compromising|
|concentrate|concentrates|concentrated|concentrated|concentrating|
|concern|concerns|concerned|concerned|concerning|
|conclude|concludes|concluded|concluded|concluding|
|condemn|condemns|condemned|condemned|condemning|
|conduct|conducts|conducted|conducted|conducting|
|confess|confesses|confessed|confessed|confessing|
|confide|confides|confided|confided|confiding|
|confirm|confirms|confirmed|confirmed|confirming|
|confront|confronts|confronted|confronted|confronting|
|confuse|confuses|confused|confused|confusing|
|congratulate|congratulates|congratulated|congratulated|congratulating|
|connect|connects|connected|connected|connecting|
|consent|consents|consented|consented|consenting|
|consider|considers|considered|considered|considering|
|consist|consists|consisted|consisted|consisting|
|consult|consults|consulted|consulted|consulting|
|consume|consumes|consumed|consumed|consuming|
|contact|contacts|contacted|contacted|contacting|
|contain|contains|contained|contained|containing|
|contemplate|contemplates|contemplated|contemplated|contemplating|
|continue|continues|continued|continued|continuing|
|contract|contracts|contracted|contracted|contracting|
|contradict|contradicts|contradicted|contradicted|contradicting|
|contribute|contributes|contributed|contributed|contributing|
|control|controls|controlled|controlled|controlling|
|convey|conveys|conveyed|conveyed|conveying|
|convince|convinces|convinced|convinced|convincing|
|cook|cooks|cooked|cooked|cooking|
|cool|cools|cooled|cooled|cooling|
|cooperate|cooperates|cooperated|cooperated|cooperating|
|cope|copes|coped|coped|coping|
|copy|copies|copied|copied|copying|
|correct|corrects|corrected|corrected|correcting|
|correspond|corresponds|corresponded|corresponded|corresponding|
|cost|costs|cost|cost|costing|
|cough|coughs|coughed|coughed|coughing|
|count|counts|counted|counted|counting|
|cover|covers|covered|covered|covering|
|crack|cracks|cracked|cracked|cracking|
|crash|crashes|crashed|crashed|crashing|
|crawl|crawls|crawled|crawled|crawling|
|create|creates|created|created|creating|
|credit|credits|credited|credited|crediting|
|creep|creeps|crept|crept|creeping|
|criticize|criticizes|criticized|criticized|criticizing|
|cross|crosses|crossed|crossed|crossing|
|cry|cries|cried|cried|crying|
|cultivate|cultivates|cultivated|cultivated|cultivating|
|cure|cures|cured|cured|curing|
|cut|cuts|cut|cut|cutting|
|damage|damages|damaged|damaged|damaging|
|dance|dances|danced|danced|dancing|
|dare|dares|dared|dared|daring|
|deal|deals|dealt|dealt|dealing|
|debate|debates|debated|debated|debating|
|decide|decides|decided|decided|deciding|
|declare|declares|declared|declared|declaring|
|decline|declines|declined|declined|declining|
|decorate|decorates|decorated|decorated|decorating|
|decrease|decreases|decreased|decreased|decreasing|
|dedicate|dedicates|dedicated|dedicated|dedicating|
|define|defines|defined|defined|defining|
|delay|delays|delayed|delayed|delaying|
|delegate|delegates|delegated|delegated|delegating|
|delete|deletes|deleted|deleted|deleting|
|deliberate|deliberates|deliberated|deliberated|deliberating|
|deliver|delivers|delivered|delivered|delivering|
|demand|demands|demanded|demanded|demanding|
|demonstrate|demonstrates|demonstrated|demonstrated|demonstrating|
|deny|denies|denied|denied|denying|
|depart|departs|departed|departed|departing|
|depend|depends|depended|depended|depending|
|depict|depicts|depicted|depicted|depicting|
|deposit|deposits|deposited|deposited|depositing|
|depress|depresses|depressed|depressed|depressing|
|derive|derives|derived|derived|deriving|
|describe|describes|described|described|describing|
|deserve|deserves|deserved|deserved|deserving|
|design|designs|designed|designed|designing|
|desire|desires|desired|desired|desiring|
|destroy|destroys|destroyed|destroyed|destroying|
|detail|details|detailed|detailed|detailing|
|detect|detects|detected|detected|detecting|
|determine|determines|determined|determined|determining|
|develop|develops|developed|developed|developing|
|devote|devotes|devoted|devoted|devoting|
|diagnose|diagnoses|diagnosed|diagnosed|diagnosing|
|die|dies|died|died|dying|
|differ|differs|differed|differed|differing|
|differentiate|differentiates|differentiated|differentiated|differentiating|
|dig|digs|dug|dug|digging|
|direct|directs|directed|directed|directing|
|disagree|disagrees|disagreed|disagreed|disagreeing|
|disappear|disappears|disappeared|disappeared|disappearing|
|disappoint|disappoints|disappointed|disappointed|disappointing|
|disapprove|disapproves|disapproved|disapproved|disapproving|
|discard|discards|discarded|discarded|discarding|
|discharge|discharges|discharged|discharged|discharging|
|discipline|disciplines|disciplined|disciplined|disciplining|
|disconnect|disconnects|disconnected|disconnected|disconnecting|
|discover|discovers|discovered|discovered|discovering|
|discuss|discusses|discussed|discussed|discussing|
|dislike|dislikes|disliked|disliked|disliking|
|dismiss|dismisses|dismissed|dismissed|dismissing|
|display|displays|displayed|displayed|displaying|
|dispose|disposes|disposed|disposed|disposing|
|dispute|disputes|disputed|disputed|disputing|
|disrupt|disrupts|disrupted|disrupted|disrupting|
|dissolve|dissolves|dissolved|dissolved|dissolving|
|distinguish|distinguishes|distinguished|distinguished|distinguishing|
|distribute|distributes|distributed|distributed|distributing|
|disturb|disturbs|disturbed|disturbed|disturbing|
|dive|dives|dived/dove|dived|diving|
|divide|divides|divided|divided|dividing|
|divorce|divorces|divorced|divorced|divorcing|
|do|does|did|done|doing|
|document|documents|documented|documented|documenting|
|donate|donates|donated|donated|donating|
|download|downloads|downloaded|downloaded|downloading|
|drag|drags|dragged|dragged|dragging|
|drain|drains|drained|drained|draining|
|draw|draws|drew|drawn|drawing|
|dream|dreams|dreamed/dreamt|dreamed/dreamt|dreaming|
|dress|dresses|dressed|dressed|dressing|
|drink|drinks|drank|drunk|drinking|
|drip|drips|dripped|dripped|dripping|
|drive|drives|drove|driven|driving|
|drop|drops|dropped|dropped|dropping|
|drown|drowns|drowned|drowned|drowning|
|dry|dries|dried|dried|drying|
|duplicate|duplicates|duplicated|duplicated|duplicating|
|dust|dusts|dusted|dusted|dusting|
|dwell|dwells|dwelt/dwelled|dwelt/dwelled|dwelling|
|earn|earns|earned|earned|earning|
|eat|eats|ate|eaten|eating|
|echo|echoes|echoed|echoed|echoing|
|edit|edits|edited|edited|editing|
|educate|educates|educated|educated|educating|
|effect|effects|effected|effected|effecting|
|elaborate|elaborates|elaborated|elaborated|elaborating|
|elect|elects|elected|elected|electing|
|elevate|elevates|elevated|elevated|elevating|
|eliminate|eliminates|eliminated|eliminated|eliminating|
|email|emails|emailed|emailed|emailing|
|embarrass|embarrasses|embarrassed|embarrassed|embarrassing|
|embrace|embraces|embraced|embraced|embracing|
|emerge|emerges|emerged|emerged|emerging|
|emphasize|emphasizes|emphasized|emphasized|emphasizing|
|employ|employs|employed|employed|employing|
|empower|empowers|empowered|empowered|empowering|
|empty|empties|emptied|emptied|emptying|
|enable|enables|enabled|enabled|enabling|
|enclose|encloses|enclosed|enclosed|enclosing|
|encounter|encounters|encountered|encountered|encountering|
|encourage|encourages|encouraged|encouraged|encouraging|
|end|ends|ended|ended|ending|
|endorse|endorses|endorsed|endorsed|endorsing|
|endure|endures|endured|endured|enduring|
|enforce|enforces|enforced|enforced|enforcing|
|engage|engages|engaged|engaged|engaging|
|enhance|enhances|enhanced|enhanced|enhancing|
|enjoy|enjoys|enjoyed|enjoyed|enjoying|
|enlarge|enlarges|enlarged|enlarged|enlarging|
|enlighten|enlightens|enlightened|enlightened|enlightening|
|enlist|enlists|enlisted|enlisted|enlisting|
|ensure|ensures|ensured|ensured|ensuring|
|enter|enters|entered|entered|entering|
|entertain|entertains|entertained|entertained|entertaining|
|entitle|entitles|entitled|entitled|entitling|
|entreat|entreats|entreated|entreated|entreating|
|entrust|entrusts|entrusted|entrusted|entrusting|
|enumerate|enumerates|enumerated|enumerated|enumerating|
|envision|envisions|envisioned|envisioned|envisioning|
|envy|envies|envied|envied|envying|
|equal|equals|equaled|equaled|equaling|
|equip|equips|equipped|equipped|equipping|
|erase|erases|erased|erased|erasing|
|erect|erects|erected|erected|erecting|
|err|errs|erred|erred|erring|
|escape|escapes|escaped|escaped|escaping|
|escort|escorts|escorted|escorted|escorting|
|establish|establishes|established|established|establishing|
|estimate|estimates|estimated|estimated|estimating|
|evaluate|evaluates|evaluated|evaluated|evaluating|
|evaporate|evaporates|evaporated|evaporated|evaporating|
|even|evens|evened|evened|evening|
|examine|examines|examined|examined|examining|
|exceed|exceeds|exceeded|exceeded|exceeding|
|exchange|exchanges|exchanged|exchanged|exchanging|
|excite|excites|excited|excited|exciting|
|exclude|excludes|excluded|excluded|excluding|
|excuse|excuses|excused|excused|excusing|
|execute|executes|executed|executed|executing|
|exercise|exercises|exercised|exercised|exercising|
|exhaust|exhausts|exhausted|exhausted|exhausting|
|exhibit|exhibits|exhibited|exhibited|exhibiting|
|exist|exists|existed|existed|existing|
|expand|expands|expanded|expanded|expanding|
|expect|expects|expected|expected|expecting|
|expedite|expedites|expedited|expedited|expediting|
|expel|expels|expelled|expelled|expelling|
|expend|expends|expended|expended|expending|
|experience|experiences|experienced|experienced|experiencing|
|experiment|experiments|experimented|experimented|experimenting|
|expire|expires|expired|expired|expiring|
|explain|explains|explained|explained|explaining|
|explode|explodes|exploded|exploded|exploding|
|explore|explores|explored|explored|exploring|
|export|exports|exported|exported|exporting|
|expose|exposes|exposed|exposed|exposing|
|express|expresses|expressed|expressed|expressing|
|extend|extends|extended|extended|extending|
|extinguish|extinguishes|extinguished|extinguished|extinguishing|
|extract|extracts|extracted|extracted|extracting|
|face|faces|faced|faced|facing|
|facilitate|facilitates|facilitated|facilitated|facilitating|
|fade|fades|faded|faded|fading|
|fail|fails|failed|failed|failing|
|faint|faints|fainted|fainted|fainting|
|fall|falls|fell|fallen|falling|
|falsify|falsifies|falsified|falsified|falsifying|
|familiarize|familiarizes|familiarized|familiarized|familiarizing|
|fancy|fancies|fancied|fancied|fancying|
|fascinate|fascinates|fascinated|fascinated|fascinating|
|fasten|fastens|fastened|fastened|fastening|
|favor|favors|favored|favored|favoring|
|fear|fears|feared|feared|fearing|
|feature|features|featured|featured|featuring|
|feed|feeds|fed|fed|feeding|
|feel|feels|felt|felt|feeling|
|fence|fences|fenced|fenced|fencing|
|fetch|fetches|fetched|fetched|fetching|
|fight|fights|fought|fought|fighting|
|figure|figures|figured|figured|figuring|
|file|files|filed|filed|filing|
|fill|fills|filled|filled|filling|
|film|films|filmed|filmed|filming|
|finalize|finalizes|finalized|finalized|finalizing|
|finance|finances|financed|financed|financing|
|find|finds|found|found|finding|
|fine|fines|fined|fined|fining|
|finish|finishes|finished|finished|finishing|
|fire|fires|fired|fired|firing|
|fit|fits|fit|fit|fitting|
|fix|fixes|fixed|fixed|fixing|
|flash|flashes|flashed|flashed|flashing|
|flatten|flattens|flattened|flattened|flattening|
|flavor|flavors|flavored|flavored|flavoring|
|flee|flees|fled|fled|fleeing|
|float|floats|floated|floated|floating|
|flood|floods|flooded|flooded|flooding|
|flow|flows|flowed|flowed|flowing|
|fluctuate|fluctuates|fluctuated|fluctuated|fluctuating|
|flush|flushes|flushed|flushed|flushing|
|fly|flies|flew|flown|flying|
|focus|focuses|focused|focused|focusing|
|fold|folds|folded|folded|folding|
|follow|follows|followed|followed|following|
|fool|fools|fooled|fooled|fooling|
|forbid|forbids|forbade|forbidden|forbidding|
|force|forces|forced|forced|forcing|
|forecast|forecasts|forecast|forecast|forecasting|
|foresee|foresees|foresaw|foreseen|foreseeing|
|forget|forgets|forgot|forgotten|forgetting|
|forgive|forgives|forgave|forgiven|forgiving|
|form|forms|formed|formed|forming|
|formulate|formulates|formulated|formulated|formulating|
|forsake|forsakes|forsook|forsaken|forsaking|
|found|founds|founded|founded|founding|
|frame|frames|framed|framed|framing|
|free|frees|freed|freed|freeing|
|freeze|freezes|froze|frozen|freezing|
|frighten|frightens|frightened|frightened|frightening|
|fulfill|fulfills|fulfilled|fulfilled|fulfilling|
|function|functions|functioned|functioned|functioning|
|fund|funds|funded|funded|funding|
|furnish|furnishes|furnished|furnished|furnishing|
|further|furthers|furthered|furthered|furthering|
|fuse|fuses|fused|fused|fusing|
|gain|gains|gained|gained|gaining|
|gamble|gambles|gambled|gambled|gambling|
|garden|gardens|gardened|gardened|gardening|
|gasp|gasps|gasped|gasped|gasping|
|gather|gathers|gathered|gathered|gathering|
|gaze|gazes|gazed|gazed|gazing|
|generate|generates|generated|generated|generating|
|get|gets|got|got/gotten|getting|
|give|gives|gave|given|giving|
|glance|glances|glanced|glanced|glancing|
|glare|glares|glared|glared|glaring|
|glide|glides|glided|glided|gliding|
|glimpse|glimpses|glimpsed|glimpsed|glimpsing|
|glitter|glitters|glittered|glittered|glittering|
|glow|glows|glowed|glowed|glowing|
|go|goes|went|gone|going|
|govern|governs|governed|governed|governing|
|grab|grabs|grabbed|grabbed|grabbing|
|grade|grades|graded|graded|grading|
|graduate|graduates|graduated|graduated|graduating|
|grant|grants|granted|granted|granting|
|grasp|grasps|grasped|grasped|grasping|
|grate|grates|grated|grated|grating|
|greet|greets|greeted|greeted|greeting|
|grieve|grieves|grieved|grieved|grieving|
|grind|grinds|ground|ground|grinding|
|grip|grips|gripped|gripped|gripping|
|groan|groans|groaned|groaned|groaning|
|grow|grows|grew|grown|growing|
|guarantee|guarantees|guaranteed|guaranteed|guaranteeing|
|guard|guards|guarded|guarded|guarding|
|guess|guesses|guessed|guessed|guessing|
|guide|guides|guided|guided|guiding|
|handle|handles|handled|handled|handling|
|hang|hangs|hung|hung|hanging|
|happen|happens|happened|happened|happening|
|harass|harasses|harassed|harassed|harassing|
|harm|harms|harmed|harmed|harming|
|harvest|harvests|harvested|harvested|harvesting|
|hatch|hatches|hatched|hatched|hatching|
|hate|hates|hated|hated|hating|
|haunt|haunts|haunted|haunted|haunting|
|have|has|had|had|having|
|head|heads|headed|headed|heading|
|heal|heals|healed|healed|healing|
|heap|heaps|heaped|heaped|heaping|
|hear|hears|heard|heard|hearing|
|heat|heats|heated|heated|heating|
|heave|heaves|heaved|heaved|heaving|
|help|helps|helped|helped|helping|
|hesitate|hesitates|hesitated|hesitated|hesitating|
|hide|hides|hid|hidden|hiding|
|highlight|highlights|highlighted|highlighted|highlighting|
|hike|hikes|hiked|hiked|hiking|
|hinder|hinders|hindered|hindered|hindering|
|hint|hints|hinted|hinted|hinting|
|hire|hires|hired|hired|hiring|
|hit|hits|hit|hit|hitting|
|hoard|hoards|hoarded|hoarded|hoarding|
|hold|holds|held|held|holding|
|honor|honors|honored|honored|honoring|
hook|hooks|hooked|hooked|hooking|
|hope|hopes|hoped|hoped|hoping|
|horrify|horrifies|horrified|horrified|horrifying|
|host|hosts|hosted|hosted|hosting|
|hover|hovers|hovered|hovered|hovering|
|hug|hugs|hugged|hugged|hugging|
|hum|hums|hummed|hummed|humming|
|hunt|hunts|hunted|hunted|hunting|
|hurry|hurries|hurried|hurried|hurrying|
|hurt|hurts|hurt|hurt|hurting|
|hustle|hustles|hustled|hustled|hustling|
|hypnotize|hypnotizes|hypnotized|hypnotized|hypnotizing|
|identify|identifies|identified|identified|identifying|
|ignore|ignores|ignored|ignored|ignoring|
|illuminate|illuminates|illuminated|illuminated|illuminating|
|illustrate|illustrates|illustrated|illustrated|illustrating|
|imagine|imagines|imagined|imagined|imagining|
|imitate|imitates|imitated|imitated|imitating|
|immerse|immerses|immersed|immersed|immersing|
|impact|impacts|impacted|impacted|impacting|
|impair|impairs|impaired|impaired|impairing|
|implement|implements|implemented|implemented|implementing|
|implicate|implicates|implicated|implicated|implicating|
|imply|implies|implied|implied|implying|
|import|imports|imported|imported|importing|
|impose|imposes|imposed|imposed|imposing|
|impress|impresses|impressed|impressed|impressing|
|improve|improves|improved|improved|improving|
|include|includes|included|included|including|
|incorporate|incorporates|incorporated|incorporated|incorporating|
|increase|increases|increased|increased|increasing|
|incur|incurs|incurred|incurred|incurring|
|indicate|indicates|indicated|indicated|indicating|
|induce|induces|induced|induced|inducing|
|indulge|indulges|indulged|indulged|indulging|
|infect|infects|infected|infected|infecting|
|infer|infers|inferred|inferred|inferring|
|inflict|inflicts|inflicted|inflicted|inflicting|
|influence|influences|influenced|influenced|influencing|
|inform|informs|informed|informed|informing|
|infuse|infuses|infused|infused|infusing|
|inhabit|inhabits|inhabited|inhabited|inhabiting|
|inhale|inhales|inhaled|inhaled|inhaling|
|inherit|inherits|inherited|inherited|inheriting|
|inhibit|inhibits|inhibited|inhibited|inhibiting|
|initiate|initiates|initiated|initiated|initiating|
|inject|injects|injected|injected|injecting|
|injure|injures|injured|injured|injuring|
|innovate|innovates|innovated|innovated|innovating|
|input|inputs|inputted|inputted|inputting|
|inquire|inquires|inquired|inquired|inquiring|
|insert|inserts|inserted|inserted|inserting|
|insist|insists|insisted|insisted|insisting|
|inspect|inspects|inspected|inspected|inspecting|
|inspire|inspires|inspired|inspired|inspiring|
|install|installs|installed|installed|installing|
|instance|instances|instanced|instanced|instancing|
|instigate|instigates|instigated|instigated|instigating|
|instill|instills|instilled|instilled|instilling|
|instruct|instructs|instructed|instructed|instructing|
|insult|insults|insulted|insulted|insulting|
|insure|insures|insured|insured|insuring|
|integrate|integrates|integrated|integrated|integrating|
|intend|intends|intended|intended|intending|
|intensify|intensifies|intensified|intensified|intensifying|
|interact|interacts|interacted|interacted|interacting|
|intercept|intercepts|intercepted|intercepted|intercepting|
|interest|interests|interested|interested|interesting|
|interfere|interferes|interfered|interfered|interfering|
|interject|interjects|interjected|interjected|interjecting|
|interpret|interprets|interpreted|interpreted|interpreting|
|interrogate|interrogates|interrogated|interrogated|interrogating|
|interrupt|interrupts|interrupted|interrupted|interrupting|
|intersect|intersects|intersected|intersected|intersecting|
|intervene|intervenes|intervened|intervened|intervening|
|interview|interviews|interviewed|interviewed|interviewing|
|intimate|intimates|intimated|intimated|intimating|
|intimidate|intimidates|intimidated|intimidated|intimidating|
|intrigue|intrigues|intrigued|intrigued|intriguing|
|introduce|introduces|introduced|introduced|introducing|
|intrude|intrudes|intruded|intruded|intruding|
|invade|invades|invaded|invaded|invading|
|invent|invents|invented|invented|inventing|
|invest|invests|invested|invested|investing|
|investigate|investigates|investigated|investigated|investigating|
|invite|invites|invited|invited|inviting|
|invoke|invokes|invoked|invoked|invoking|
|involve|involves|involved|involved|involving|
|iron|irons|ironed|ironed|ironing|
|irritate|irritates|irritated|irritated|irritating|
|isolate|isolates|isolated|isolated|isolating|
|issue|issues|issued|issued|issuing|
|itch|itches|itched|itched|itching|
|itemize|itemizes|itemized|itemized|itemizing|
|jeopardize|jeopardizes|jeopardized|jeopardized|jeopardizing|
|jerk|jerks|jerked|jerked|jerking|
|jest|jests|jested|jested|jesting|
|jog|jogs|jogged|jogged|jogging|
|join|joins|joined|joined|joining|
|joke|jokes|joked|joked|joking|
|jolt|jolts|jolted|jolted|jolting|
|judge|judges|judged|judged|judging|
|juggle|juggles|juggled|juggled|juggling|
|jump|jumps|jumped|jumped|jumping|
|justify|justifies|justified|justified|justifying|
|keep|keeps|kept|kept|keeping|
|kick|kicks|kicked|kicked|kicking|
|kill|kills|killed|killed|killing|
|kindle|kindles|kindled|kindled|kindling|
|kiss|kisses|kissed|kissed|kissing|
|knead|kneads|kneaded|kneaded|kneading|
|kneel|kneels|knelt|knelt|kneeling|
|knit|knits|knitted|knitted|knitting|
|knock|knocks|knocked|knocked|knocking|
|knot|knots|knotted|knotted|knotting|
|know|knows|knew|known|knowing|
|label|labels|labeled|labeled|labeling|
|labor|labors|labored|labored|laboring|
|lack|lacks|lacked|lacked|lacking|
|lament|laments|lamented|lamented|lamenting|
|land|lands|landed|landed|landing|
|lap|laps|lapped|lapped|lapping|
|lapse|lapses|lapsed|lapsed|lapsing|
|last|lasts|lasted|lasted|lasting|
|latch|latches|latched|latched|latching|
|laugh|laughs|laughed|laughed|laughing|
|launch|launches|launched|launched|launching|
|lay|lays|laid|laid|laying|
|lead|leads|led|led|leading|
|leak|leaks|leaked|leaked|leaking|
|lean|leans|leaned|leaned|leaning|
|leap|leaps|leaped|leaped|leaping|
|learn|learns|learned|learned|learning|
|leave|leaves|left|left|leaving|
|lecture|lectures|lectured|lectured|lecturing|
|lend|lends|lent|lent|lending|
|lengthen|lengthens|lengthened|lengthened|lengthening|
|lessen|lessens|lessened|lessened|lessening|
|let|lets|let|let|letting|
|level|levels|leveled|leveled|leveling|
|license|licenses|licensed|licensed|licensing|
|lick|licks|licked|licked|licking|
|lie|lies|lied|lied|lying|
|lift|lifts|lifted|lifted|lifting|
|light|lights|lit|lit|lighting|
|lighten|lightens|lightened|lightened|lightening|
|like|likes|liked|liked|liking|
|limit|limits|limited|limited|limiting|
|limp|limps|limped|limped|limping|
|line|lines|lined|lined|lining|
|link|links|linked|linked|linking|
|liquidate|liquidates|liquidated|liquidated|liquidating|
|list|lists|listed|listed|listing|
|listen|listens|listened|listened|listening|
|litigate|litigates|litigated|litigated|litigating|
|live|lives|lived|lived|living|
|load|loads|loaded|loaded|loading|
|loan|loans|loaned|loaned|loaning|
|locate|locates|located|located|locating|
|lock|locks|locked|locked|locking|
|lodge|lodges|lodged|lodged|lodging|
|log|logs|logged|logged|logging|
|long|longs|longed|longed|longing|
|look|looks|looked|looked|looking|
|loom|looms|loomed|loomed|looming|
|loop|loops|looped|looped|looping|
|loosen|loosens|loosened|loosened|loosening|
|lose|loses|lost|lost|losing|
|love|loves|loved|loved|loving|
|lower|lowers|lowered|lowered|lowering|
|lump|lumps|lumped|lumped|lumping|
|lunge|lunges|lunged|lunged|lunging|
|lure|lures|lured|lured|luring|
|luxuriate|luxuriates|luxuriated|luxuriated|luxuriating|
|magnify|magnifies|magnified|magnified|magnifying|
|mail|mails|mailed|mailed|mailing|
|maintain|maintains|maintained|maintained|maintaining|
|make|makes|made|made|making|
|manage|manages|managed|managed|managing|
|mandate|mandates|mandated|mandated|mandating|
|maneuver|maneuvers|maneuvered|maneuvered|maneuvering|
|manifest|manifests|manifested|manifested|manifesting|
|manipulate|manipulates|manipulated|manipulated|manipulating|
|manufacture|manufactures|manufactured|manufactured|manufacturing|
|map|maps|mapped|mapped|mapping|
|march|marches|marched|marched|marching|
|mark|marks|marked|marked|marking|
|market|markets|marketed|marketed|marketing|
|marry|marries|married|married|marrying|
|marvel|marvels|marveled|marveled|marveling|
|mask|masks|masked|masked|masking|
|massage|massages|massaged|massaged|massaging|
|match|matches|matched|matched|matching|
|materialize|materializes|materialized|materialized|materializing|
|matter|matters|mattered|mattered|mattering|
|mature|matures|matured|matured|maturing|
|maximize|maximizes|maximized|maximized|maximizing|
|mean|means|meant|meant|meaning|
|measure|measures|measured|measured|measuring|
|mediate|mediates|mediated|mediated|mediating|
|meditate|meditates|meditated|meditated|meditating|
|meet|meets|met|met|meeting|
|melt|melts|melted|melted|melting|
|memorize|memorizes|memorized|memorized|memorizing|
|mend|mends|mended|mended|mending|
|mention|mentions|mentioned|mentioned|mentioning|
|mentor|mentors|mentored|mentored|mentoring|
|merge|merges|merged|merged|merging|
|merit|merits|merited|merited|meriting|
|message|messages|messaged|messaged|messaging|
|metabolize|metabolizes|metabolized|metabolized|metabolizing|
|migrate|migrates|migrated|migrated|migrating|
|milk|milks|milked|milked|milking|
|mimic|mimics|mimicked|mimicked|mimicking|
|mind|minds|minded|minded|minding|
|mine|mines|mined|mined|mining|
|minimize|minimizes|minimized|minimized|minimizing|
|minister|ministers|ministered|ministered|ministering|
|mint|mints|minted|minted|minting|
|mirror|mirrors|mirrored|mirrored|mirroring|
|misinterpret|misinterprets|misinterpreted|misinterpreted|misinterpreting|
|miss|misses|missed|missed|missing|
|misspell|misspells|misspelled|misspelled|misspelling|
|mistake|mistakes|mistook|mistaken|mistaking|
|mistrust|mistrusts|mistrusted|mistrusted|mistrusting|
|misunderstand|misunderstands|misunderstood|misunderstood|misunderstanding|
|misuse|misuses|misused|misused|misusing|
|mix|mixes|mixed|mixed|mixing|
|moan|moans|moaned|moaned|moaning|
|mobilize|mobilizes|mobilized|mobilized|mobilizing|
|mock|mocks|mocked|mocked|mocking|
|model|models|modeled|modeled|modeling|
|moderate|moderates|moderated|moderated|moderating|
|modernize|modernizes|modernized|modernized|modernizing|
|modify|modifies|modified|modified|modifying|
|moisten|moistens|moistened|moistened|moistening|
|mold|molds|molded|molded|molding|
|monitor|monitors|monitored|monitored|monitoring|
|monopolize|monopolizes|monopolized|monopolized|monopolizing|
|moor|moors|moored|moored|mooring|
|mop|mops|mopped|mopped|mopping|
|motivate|motivates|motivated|motivated|motivating|
|mourn|mourns|mourned|mourned|mourning|
|move|moves|moved|moved|moving|
|mow|mows|mowed|mowed/mown|mowing|
|muddle|muddles|muddled|muddled|muddling|
|mug|mugs|mugged|mugged|mugging|
|multiply|multiplies|multiplied|multiplied|multiplying|
|mumble|mumbles|mumbled|mumbled|mumbling|
|murder|murders|murdered|murdered|murdering|
|murmur|murmurs|murmured|murmured|murmuring|
|muse|muses|mused|mused|musing|
|muster|musters|mustered|mustered|mustering|
|mutate|mutates|mutated|mutated|mutating|
|mute|mutes|muted|muted|muting|
|mutilate|mutilates|mutilated|mutilated|mutilating|
|mutter|mutters|muttered|muttered|muttering|
|nag|nags|nagged|nagged|nagging|
|nail|nails|nailed|nailed|nailing|
|name|names|named|named|naming|
|nap|naps|napped|napped|napping|
|narrate|narrates|narrated|narrated|narrating|
|narrow|narrows|narrowed|narrowed|narrowing|
|navigate|navigates|navigated|navigated|navigating|
|need|needs|needed|needed|needing|
|neglect|neglects|neglected|neglected|neglecting|
|negotiate|negotiates|negotiated|negotiated|negotiating|
|neighbor|neighbors|neighbored|neighbored|neighboring|
|nest|nests|nested|nested|nesting|
|network|networks|networked|networked|networking|
|neutralize|neutralizes|neutralized|neutralized|neutralizing|
|nod|nods|nodded|nodded|nodding|
|nominate|nominates|nominated|nominated|nominating|
|normalize|normalizes|normalized|normalized|normalizing|
|note|notes|noted|noted|noting|
|notice|notices|noticed|noticed|noticing|
|notify|notifies|notified|notified|notifying|
|nourish|nourishes|nourished|nourished|nourishing|
|nudge|nudges|nudged|nudged|nudging|
|nullify|nullifies|nullified|nullified|nullifying|
|number|numbers|numbered|numbered|numbering|
|nurture|nurtures|nurtured|nurtured|nurturing|
|obey|obeys|obeyed|obeyed|obeying|
|object|objects|objected|objected|objecting|
|oblige|obliges|obliged|obliged|obliging|
|obscure|obscures|obscured|obscured|obscuring|
|observe|observes|observed|observed|observing|
|obsess|obsesses|obsessed|obsessed|obsessing|
|obtain|obtains|obtained|obtained|obtaining|
|occasion|occasions|occasioned|occasioned|occasioning|
|occupy|occupies|occupied|occupied|occupying|
|occur|occurs|occurred|occurred|occurring|
|offend|offends|offended|offended|offending|
|offer|offers|offered|offered|offering|
|officiate|officiates|officiated|officiated|officiating|
|offset|offsets|offset|offset|offsetting|
|omit|omits|omitted|omitted|omitting|
|open|opens|opened|opened|opening|
|operate|operates|operated|operated|operating|
|opine|opines|opined|opined|opining|
|oppose|opposes|opposed|opposed|opposing|
|oppress|oppresses|oppressed|oppressed|oppressing|
|opt|opts|opted|opted|opting|
|optimize|optimizes|optimized|optimized|optimizing|
|orchestrate|orchestrates|orchestrated|orchestrated|orchestrating|
|order|orders|ordered|ordered|ordering|
|organize|organizes|organized|organized|organizing|
|orient|orients|oriented|oriented|orienting|
|originate|originates|originated|originated|originating|
|oscillate|oscillates|oscillated|oscillated|oscillating|
|overdo|overdoes|overdid|overdone|overdoing|
|overflow|overflows|overflowed|overflowed|overflowing|
|overhear|overhears|overheard|overheard|overhearing|
|overlap|overlaps|overlapped|overlapped|overlapping|
|overlook|overlooks|overlooked|overlooked|overlooking|
|oversee|oversees|oversaw|overseen|overseeing|
|overtake|overtakes|overtook|overtaken|overtaking|
|overthrow|overthrows|overthrew|overthrown|overthrowing|
|overturn|overturns|overturned|overturned|overturning|
|overwhelm|overwhelms|overwhelmed|overwhelmed|overwhelming|
|owe|owes|owed|owed|owing|
|own|owns|owned|owned|owning|
|pack|packs|packed|packed|packing|
|pad|pads|padded|padded|padding|
|paint|paints|painted|painted|painting|
|pair|pairs|paired|paired|pairing|
|pal|pals|palled|palled|palling|
|pamper|pampers|pampered|pampered|pampering|
|panic|panics|panicked|panicked|panicking|
|parade|parades|paraded|paraded|parading|
|paralyze|paralyzes|paralyzed|paralyzed|paralyzing|
|paraphrase|paraphrases|paraphrased|paraphrased|paraphrasing|
|pardon|pardons|pardoned|pardoned|pardoning|
|pare|pares|pared|pared|paring|
|park|parks|parked|parked|parking|
|part|parts|parted|parted|parting|
|participate|participates|participated|participated|participating|
|partition|partitions|partitioned|partitioned|partitioning|
|partner|partners|partnered|partnered|partnering|
|party|parties|partied|partied|partying|
|pass|passes|passed|passed|passing|
|paste|pastes|pasted|pasted|pasting|
|pat|pats|patted|patted|patting|
|patch|patches|patched|patched|patching|
|patent|patents|patented|patented|patenting|
|patrol|patrols|patrolled|patrolled|patrolling|
|patronize|patronizes|patronized|patronized|patronizing|
|pause|pauses|paused|paused|pausing|
|pave|paves|paved|paved|paving|
|pay|pays|paid|paid|paying|
|peak|peaks|peaked|peaked|peaking|
|peck|pecks|pecked|pecked|pecking|
|pedal|pedals|pedaled|pedaled|pedaling|
|peek|peeks|peeked|peeked|peeking|
|peel|peels|peeled|peeled|peeling|
|peer|peers|peered|peered|peering|
|penalize|penalizes|penalized|penalized|penalizing|
|penetrate|penetrates|penetrated|penetrated|penetrating|
|perceive|perceives|perceived|perceived|perceiving|
|perfect|perfects|perfected|perfected|perfecting|
|perform|performs|performed|performed|performing|
|perfume|perfumes|perfumed|perfumed|perfuming|
|perish|perishes|perished|perished|perishing|
|permit|permits|permitted|permitted|permitting|
|perpetuate|perpetuates|perpetuated|perpetuated|perpetuating|
|perplex|perplexes|perplexed|perplexed|perplexing|
|persecute|persecutes|persecuted|persecuted|persecuting|
|persevere|perseveres|persevered|persevered|persevering|
|persist|persists|persisted|persisted|persisting|
|persuade|persuades|persuaded|persuaded|persuading|
|pertain|pertains|pertained|pertained|pertaining|
|peruse|peruses|perused|perused|perusing|
|pervade|pervades|pervaded|pervaded|pervading|
|pet|pets|petted|petted|petting|
|phase|phases|phased|phased|phasing|
|philosophize|philosophizes|philosophized|philosophized|philosophizing|
|phone|phones|phoned|phoned|phoning|
|photocopy|photocopies|photocopied|photocopied|photocopying|
|photograph|photographs|photographed|photographed|photographing|
|pick|picks|picked|picked|picking|
|picket|pickets|picketed|picketed|picketing|
|pickle|pickles|pickled|pickled|pickling|
|picture|pictures|pictured|pictured|picturing|
|piece|pieces|pieced|pieced|piecing|
|pierce|pierces|pierced|pierced|piercing|
|pile|piles|piled|piled|piling|
|pillage|pillages|pillaged|pillaged|pillaging|
|pilot|pilots|piloted|piloted|piloting|
|pin|pins|pinned|pinned|pinning|
|pinch|pinches|pinched|pinched|pinching|
|pine|pines|pined|pined|pining|
|pioneer|pioneers|pioneered|pioneered|pioneering|
|pipe|pipes|piped|piped|piping|
|pit|pits|pitted|pitted|pitting|
|pitch|pitches|pitched|pitched|pitching|
|pity|pities|pitied|pitied|pitying|
|pivot|pivots|pivoted|pivoted|pivoting|
|place|places|placed|placed|placing|
|plagiarize|plagiarizes|plagiarized|plagiarized|plagiarizing|
|plan|plans|planned|planned|planning|
|plant|plants|planted|planted|planting|
|plaster|plasters|plastered|plastered|plastering|
|play|plays|played|played|playing|
|plead|pleads|pleaded|pleaded|pleading|
|please|pleases|pleased|pleased|pleasing|
|pledge|pledges|pledged|pledged|pledging|
|plod|plods|plodded|plodded|plodding|
|plot|plots|plotted|plotted|plotting|
|plow|plows|plowed|plowed|plowing|
|pluck|plucks|plucked|plucked|plucking|
|plug|plugs|plugged|plugged|plugging|
|plummet|plummets|plummeted|plummeted|plummeting|
|plunge|plunges|plunged|plunged|plunging|
|point|points|pointed|pointed|pointing|
|poise|poises|poised|poised|poising|
|poison|poisons|poisoned|poisoned|poisoning|
|poke|pokes|poked|poked|poking|
|polish|polishes|polished|polished|polishing|
|pollute|pollutes|polluted|polluted|polluting|
|ponder|ponders|pondered|pondered|pondering|
|pontificate|pontificates|pontificated|pontificated|pontificating|
|pop|pops|popped|popped|popping|
|populate|populates|populated|populated|populating|
|possess|possesses|possessed|possessed|possessing|
|post|posts|posted|posted|posting|
|postpone|postpones|postponed|postponed|postponing|
|pour|pours|poured|poured|pouring|
|pout|pouts|pouted|pouted|pouting|
|practice|practices|practiced|practiced|practicing|
|praise|praises|praised|praised|praising|
|prance|prances|pranced|pranced|prancing|
|pray|prays|prayed|prayed|praying|
|preach|preaches|preached|preached|preaching|
|precede|precedes|preceded|preceded|preceding|
|precipitate|precipitates|precipitated|precipitated|precipitating|
|predetermine|predetermines|predetermined|predetermined|predetermining|
|predict|predicts|predicted|predicted|predicting|
|predominate|predominates|predominated|predominated|predominating|
|prefer|prefers|preferred|preferred|preferring|
|prepare|prepares|prepared|prepared|preparing|
|prescribe|prescribes|prescribed|prescribed|prescribing|
|present|presents|presented|presented|presenting|
|preserve|preserves|preserved|preserved|preserving|
|preside|presides|presided|presided|presiding|
|press|presses|pressed|pressed|pressing|
|pressure|pressures|pressured|pressured|pressuring|
|presume|presumes|presumed|presumed|presuming|
|pretend|pretends|pretended|pretended|pretending|
|prevail|prevails|prevailed|prevailed|prevailing|
|prevent|prevents|prevented|prevented|preventing|
|prick|pricks|pricked|pricked|pricking|
|pride|prides|prided|prided|priding|
|print|prints|printed|printed|printing|
|prioritize|prioritizes|prioritized|prioritized|prioritizing|
|probe|probes|probed|probed|probing|
|proceed|proceeds|proceeded|proceeded|proceeding|
|process|processes|processed|processed|processing|
|proclaim|proclaims|proclaimed|proclaimed|proclaiming|
|procrastinate|procrastinates|procrastinated|procrastinated|procrastinating|
|procure|procures|procured|procured|procuring|
|produce|produces|produced|produced|producing|
|profess|professes|professed|professed|professing|
|proffer|proffers|proffered|proffered|proffering|
|profit|profits|profited|profited|profiting|
|program|programs|programmed|programmed|programming|
|progress|progresses|progressed|progressed|progressing|
|prohibit|prohibits|prohibited|prohibited|prohibiting|
|project|projects|projected|projected|projecting|
|proliferate|proliferates|proliferated|proliferated|proliferating|
|prolong|prolongs|prolonged|prolonged|prolonging|
|promise|promises|promised|promised|promising|
|promote|promotes|promoted|promoted|promoting|
|prompt|prompts|prompted|prompted|prompting|
|promulgate|promulgates|promulgated|promulgated|promulgating|
|pronounce|pronounces|pronounced|pronounced|pronouncing|
|proof|proofs|proofed|proofed|proofing|
|propagate|propagates|propagated|propagated|propagating|
|propel|propels|propelled|propelled|propelling|
|proper|propers|propered|propered|propering|
|prophesy|prophesies|prophesied|prophesied|prophesying|
|propose|proposes|proposed|proposed|proposing|
|prosecute|prosecutes|prosecuted|prosecuted|prosecuting|
|prospect|prospects|prospected|prospected|prospecting|
|protect|protects|protected|protected|protecting|
|protest|protests|protested|protested|protesting|
|protrude|protrudes|protruded|protruded|protruding|
|proud|prouds|prouded|prouded|prouding|
|prove|proves|proved|proven|proving|
|provide|provides|provided|provided|providing|
|provoke|provokes|provoked|provoked|provoking|
|prowl|prowls|prowled|prowled|prowling|
|prune|prunes|pruned|pruned|pruning|
|pry|pries|pried|pried|prying|
|publicize|publicizes|publicized|publicized|publicizing|
|publish|publishes|published|published|publishing|
|pucker|puckers|puckered|puckered|puckering|
|pull|pulls|pulled|pulled|pulling|
|pulverize|pulverizes|pulverized|pulverized|pulverizing|
|pummel|pummels|pummeled|pummeled|pummeling|
|pump|pumps|pumped|pumped|pumping|
|punch|punches|punched|punched|punching|
|punctuate|punctuates|punctuated|punctuated|punctuating|
|puncture|punctures|punctured|punctured|puncturing|
|punish|punishes|punished|punished|punishing|
|purchase|purchases|purchased|purchased|purchasing|
|purge|purges|purged|purged|purging|
|purify|purifies|purified|purified|purifying|
|purr|purrs|purred|purred|purring|
|pursue|pursues|pursued|pursued|pursuing
|quarrel|quarrels|quarreled/quarrelled|quarreled/quarrelled|quarreling/quarrelling
|qualify|qualifies|qualified|qualified|qualifying
|question|questions|questioned|questioned|questioning
|queue|queues|queued|queued|queuing
|quit|quits|quit|quit|quitting
|quote|quotes|quoted|quoted|quoting
|race|races|raced|raced|racing
|rain|rains|rained|raine|draining
|raise|raises|raised|raised|raising
|reach|reaches|reached|reached|reaching
|read|reads|read|read|reading
|realize|realizes|realized|realized|realizing
|receive|receives|received|received|receiving
|recognize|recognizes|recognized|recognized|recognizing
|recommend|recommends|recommended|recommended|recommending
|record|records|recorded|recorded|recording
|reduce|reduces|reduced|reduced|reducing
|reflect|reflects|reflected|reflected|reflecting
|refuse|refuses|refused|refused|refusing
|regard|regards|regarded|regarded|regarding
|register|registers|registered|registered|registering
|regret|regrets|regretted|regretted|regretting
|relate|relates|related|related|relating
|relax|relaxes|relaxed|relaxed|relaxing
|release|releases|released|released|releasing
|rely|relies|relied|relied|relying
|remain|remains|remained|remained|remaining
|remember|remembers|remembered|remembered|remembering
|remind|reminds|reminded|reminded|reminding
|remove|removes|removed|removed|removing
|repair|repairs|repaired|repaired|repairing
|repeat|repeats|repeated|repeated|repeating
|replace|replaces|replaced|replaced|replacing
|reply|replies|replied|replied|replying
|report|reports|reported|reported|reporting
|represent|represents|represented|represented|representing
|require|requires|required|required|requiring
|rescue|rescues|rescued|rescued|rescuing
|respond|responds|responded|responded|responding
|rest|rests|rested|rested|resting
|result|results|resulted|resulted|resulting
|retire|retires|retired|retired|retiring
|return|returns|returned|returned|returning
|reveal|reveals|revealed|revealed|revealing
|review|reviews|reviewed|reviewed|reviewing
|ride|rides|rode|ridden|riding
|ring|rings|rang|rung|ringing
|rise|rises|rose|risen|rising
|run|runs|ran|run|running
|tabulate|tabulates|tabulated|tabulated|tabulating|
|tack|tacks|tacked|tacked|tacking|
|tackle|tackles|tackled|tackled|tackling|
|tag|tags|tagged|tagged|tagging|
|tail|tails|tailed|tailed|tailing|
|tailor|tailors|tailored|tailored|tailoring|
|taint|taints|tainted|tainted|tainting|
|take|takes|took|taken|taking|
|talk|talks|talked|talked|talking|
|tally|tallies|tallied|tallied|tallying|
|tame|tames|tamed|tamed|taming|
|tamper|tampers|tampered|tampered|tampering|
|tan|tans|tanned|tanned|tanning|
|tangle|tangles|tangled|tangled|tangling|
|tap|taps|tapped|tapped|tapping|
|tape|tapes|taped|taped|taping|
|target|targets|targeted|targeted|targeting|
|tarnish|tarnishes|tarnished|tarnished|tarnishing|
|task|tasks|tasked|tasked|tasking|
|taste|tastes|tasted|tasted|tasting|
|tatter|tatters|tattered|tattered|tattering|
|tattoo|tattoos|tattooed|tattooed|tattooing|
|taunt|taunts|taunted|taunted|taunting|
|tax|taxes|taxed|taxed|taxing|
|teach|teaches|taught|taught|teaching|
|team|teams|teamed|teamed|teaming|
|tear|tears|tore|torn|tearing|
|tease|teases|teased|teased|teasing|
|telephone|telephones|telephoned|telephoned|telephoning|
|televise|televises|televised|televised|televising|
|tell|tells|told|told|telling|
|temper|tempers|tempered|tempered|tempering|
|tempt|tempts|tempted|tempted|tempting|
|tend|tends|tended|tended|tending|
|tender|tenders|tendered|tendered|tendering|
|tense|tenses|tensed|tensed|tensing|
|tent|tents|tented|tented|tenting|
|terminate|terminates|terminated|terminated|terminating|
|terrify|terrifies|terrified|terrified|terrifying|
|terrorize|terrorizes|terrorized|terrorized|terrorizing|
|test|tests|tested|tested|testing|
|testify|testifies|testified|testified|testifying|
|thank|thanks|thanked|thanked|thanking|
|thaw|thaws|thawed|thawed|thawing|
|theorize|theorizes|theorized|theorized|theorizing|
|think|thinks|thought|thought|thinking|
|thirst|thirsts|thirsted|thirsted|thirsting|
|threaten|threatens|threatened|threatened|threatening|
|thresh|threshes|threshed|threshed|threshing|
|thrill|thrills|thrilled|thrilled|thrilling|
|thrive|thrives|thrived|thrived|thriving|
|throb|throbs|throbbed|throbbed|throbbing|
|throttle|throttles|throttled|throttled|throttling|
|throw|throws|threw|thrown|throwing|
|thrust|thrusts|thrust|thrust|thrusting|
|thump|thumps|thumped|thumped|thumping|
|thunder|thunders|thundered|thundered|thundering|
|thwart|thwarts|thwarted|thwarted|thwarting|
|tick|ticks|ticked|ticked|ticking|
|tickle|tickles|tickled|tickled|tickling|
|tide|tides|tided|tided|tiding|
|tidy|tidies|tidied|tidied|tidying|
|tie|ties|tied|tied|tying|
|tighten|tightens|tightened|tightened|tightening|
|tile|tiles|tiled|tiled|tiling|
|till|tills|tilled|tilled|tilling|
|tilt|tilts|tilted|tilted|tilting|
|time|times|timed|timed|timing|
|tin|tins|tinned|tinned|tinning|
|tinge|tinges|tinged|tinged|tingeing|
|tingle|tingles|tingled|tingled|tingling|
|tinker|tinkers|tinkered|tinkered|tinkering|
|tint|tints|tinted|tinted|tinting|
|tip|tips|tipped|tipped|tipping|
|tipple|tipples|tippled|tippled|tippling|
|tire|tires|tired|tired|tiring|
|titillate|titillates|titillated|titillated|titillating|
|title|titles|titled|titled|titling|
|titter|titters|tittered|tittered|tittering|
|toast|toasts|toasted|toasted|toasting|
|toboggan|toboggans|tobogganed|tobogganed|tobogganing|
|toddle|toddles|toddled|toddled|toddling|
|toe|toes|toed|toed|toeing|
|tog|togs|togged|togged|togging|
|toggle|toggles|toggled|toggled|toggling|
|toil|toils|toiled|toiled|toiling|
|tolerate|tolerates|tolerated|tolerated|tolerating|
|toll|tolls|tolled|tolled|tolling|
|tone|tones|toned|toned|toning|
|tongue|tongues|tongued|tongued|tonguing|
|tool|tools|tooled|tooled|tooling|
|toot|toots|tooted|tooted|tooting|
|top|tops|topped|topped|topping|
|topple|topples|toppled|toppled|toppling|
|torment|torments|tormented|tormented|tormenting|
|torpedo|torpedoes|torpedoed|torpedoed|torpedoing|
|torque|torques|torqued|torqued|torquing|
|torture|tortures|tortured|tortured|torturing|
|toss|tosses|tossed|tossed|tossing|
|total|totals|totaled|totaled|totaling|
|totter|totters|tottered|tottered|tottering|
|touch|touches|touched|touched|touching|
|tough|toughs|toughed|toughed|toughing|
|tour|tours|toured|toured|touring|
|tousle|tousles|tousled|tousled|tousling|
|tout|touts|touted|touted|touting|
|tow|tows|towed|towed|towing|
|towel|towels|toweled|toweled|toweling|
|tower|towers|towered|towered|towering|
|trace|traces|traced|traced|tracing|
|track|tracks|tracked|tracked|tracking|
|trade|trades|traded|traded|trading|
|trail|trails|trailed|trailed|trailing|
|train|trains|trained|trained|training|
|trammel|trammels|trammeled|trammeled|trammeling|
|tramp|tramps|tramped|tramped|tramping|
|trample|tramples|trampled|trampled|trampling|
|trance|trances|tranced|tranced|trancing|
|transact|transacts|transacted|transacted|transacting|
|transcend|transcends|transcended|transcended|transcending|
|transcribe|transcribes|transcribed|transcribed|transcribing|
|transfer|transfers|transferred|transferred|transferring|
|transform|transforms|transformed|transformed|transforming|
|transgress|transgresses|transgressed|transgressed|transgressing|
|transit|transits|transited|transited|transiting|
|translate|translates|translated|translated|translating|
|transmit|transmits|transmitted|transmitted|transmitting|
|transpire|transpires|transpired|transpired|transpiring|
|transplant|transplants|transplanted|transplanted|transplanting|
|transport|transports|transported|transported|transporting|
|transpose|transposes|transposed|transposed|transposing|
|trap|traps|trapped|trapped|trapping|
|trash|trashes|trashed|trashed|trashing|
|traumatize|traumatizes|traumatized|traumatized|traumatizing|
|travel|travels|traveled|traveled|traveling|
|traverse|traverses|traversed|traversed|traversing|
|trawl|trawls|trawled|trawled|trawling|
|tread|treads|trod|trodden|treading|
|treasure|treasures|treasured|treasured|treasuring|
|treat|treats|treated|treated|treating|
|treble|trebles|trebled|trebled|trebling|
|tree|trees|treed|treed|treeing|
|trek|treks|trekked|trekked|trekking|
|tremble|trembles|trembled|trembled|trembling|
|trend|trends|trended|trended|trending|
|trespass|trespasses|trespassed|trespassed|trespassing|
|trial|trials|trialed|trialed|trialing|
|triangulate|triangulates|triangulated|triangulated|triangulating|
|trick|tricks|tricked|tricked|tricking|
|trickle|trickles|trickled|trickled|trickling|
|trigger|triggers|triggered|triggered|triggering|
|trim|trims|trimmed|trimmed|trimming|
|trip|trips|tripped|tripped|tripping|
|triple|triples|tripled|tripled|tripling|
|triumph|triumphs|triumphed|triumphed|triumphing|
|trivialize|trivializes|trivialized|trivialized|trivializing|
|troll|trolls|trolled|trolled|trolling|
|troop|troops|trooped|trooped|trooping|
|trouble|troubles|troubled|troubled|troubling|
|trounce|trounces|trounced|trounced|trouncing|
|truck|trucks|trucked|trucked|trucking|
|trudge|trudges|trudged|trudged|trudging|
|true|trues|trued|trued|truing|
|trump|trumps|trumped|trumped|trumping|
|trumpet|trumpets|trumpeted|trumpeted|trumpeting|
|truncate|truncates|truncated|truncated|truncating|
|trundle|trundles|trundled|trundled|trundling|
|trust|trusts|trusted|trusted|trusting|
|try|tries|tried|tried|trying|
|tuck|tucks|tucked|tucked|tucking|
|tug|tugs|tugged|tugged|tugging|
|tumble|tumbles|tumbled|tumbled|tumbling|
|tune|tunes|tuned|tuned|tuning|
|tunnel|tunnels|tunneled|tunneled|tunneling|
|turf|turfs|turfed|turfed|turfing|
|turn|turns|turned|turned|turning|
|tutor|tutors|tutored|tutored|tutoring|
|twang|twangs|twanged|twanged|twanging|
|tweak|tweaks|tweaked|tweaked|tweaking|
|tweet|tweets|tweeted|tweeted|tweeting|
|twiddle|twiddles|twiddled|twiddled|twiddling|
|twine|twines|twined|twined|twining|
|twinkle|twinkles|twinkled|twinkled|twinkling|
|twirl|twirls|twirled|twirled|twirling|
|twist|twists|twisted|twisted|twisting|
|twitch|twitches|twitched|twitched|twitching|
|twitter|twitters|twittered|twittered|twittering|
|type|types|typed|typed|typing|
|typify|typifies|typified|typified|typifying|
|tyrannize|tyrannizes|tyrannized|tyrannized|tyrannizing|
|ulcerate|ulcerates|ulcerated|ulcerated|ulcerating|
|umpire|umpires|umpired|umpired|umpiring|
|unbalance|unbalances|unbalanced|unbalanced|unbalancing|
|unbend|unbends|unbent|unbent|unbending|
|unblock|unblocks|unblocked|unblocked|unblocking|
|unbuckle|unbuckles|unbuckled|unbuckled|unbuckling|
|unburden|unburdens|unburdened|unburdened|unburdening|
|unbutton|unbuttons|unbuttoned|unbuttoned|unbuttoning|
|unclasp|unclasps|unclasped|unclasped|unclasping|
|uncoil|uncoils|uncoiled|uncoiled|uncoiling|
|uncover|uncovers|uncovered|uncovered|uncovering|
|uncouple|uncouples|uncoupled|uncoupled|uncoupling|
|undecorate|undecorates|undecorated|undecorated|undecorating|
|undergo|undergoes|underwent|undergone|undergoing|
|underline|underlines|underlined|underlined|underlining|
|undermine|undermines|undermined|undermined|undermining|
|underpay|underpays|underpaid|underpaid|underpaying|
|underscore|underscores|underscored|underscored|underscoring|
|understand|understands|understood|understood|understanding|
|undertake|undertakes|undertook|undertaken|undertaking|
|undervalue|undervalues|undervalued|undervalued|undervaluing|
|underwater|underwaters|underwatered|underwatered|underwatering|
|underwrite|underwrites|underwrote|underwritten|underwriting|
|undo|undoes|undid|undone|undoing|
|undress|undresses|undressed|undressed|undressing|
|undulate|undulates|undulated|undulated|undulating|
|unfasten|unfastens|unfastened|unfastened|unfastening|
|unfold|unfolds|unfolded|unfolded|unfolding|
|unfurl|unfurls|unfurled|unfurled|unfurling|
|unglue|unglues|unglued|unglued|ungluing|
|unhand|unhands|unhanded|unhanded|unhanding|
|unhinge|unhinges|unhinged|unhinged|unhinging|
|unhitch|unhitches|unhitched|unhitched|unhitching|
|unhook|unhooks|unhooked|unhooked|unhooking|
|unify|unifies|unified|unified|unifying|
|union|unions|unioned|unioned|unioning|
|unite|unites|united|united|uniting|
|unjam|unjams|unjammed|unjammed|unjamming|
|unkink|unkinks|unkinked|unkinked|unkinking|
|unknot|unknots|unknotted|unknotted|unknotting|
|unlace|unlaces|unlaced|unlaced|unlacing|
|unlatch|unlatches|unlatched|unlatched|unlatching|
|unload|unloads|unloaded|unloaded|unloading|
|unlock|unlocks|unlocked|unlocked|unlocking|
|unloose|unlooses|unloosed|unloosed|unloosing|
|unmake|unmakes|unmade|unmade|unmaking|
|unmask|unmasks|unmasked|unmasked|unmasking|
|unnerve|unnerves|unnerved|unnerved|unnerving|
|unpack|unpacks|unpacked|unpacked|unpacking|
|unpick|unpicks|unpicked|unpicked|unpicking|
|unplug|unplugs|unplugged|unplugged|unplugging|
|unravel|unravels|unraveled|unraveled|unraveling|
|unroll|unrolls|unrolled|unrolled|unrolling|
|unscrew|unscrews|unscrewed|unscrewed|unscrewing|
|unseal|unseals|unsealed|unsealed|unsealing|
|unseat|unseats|unseated|unseated|unseating|
|unsettle|unsettles|unsettled|unsettled|unsettling|
|untangle|untangles|untangled|untangled|untangling|
|unthink|unthinks|unthought|unthought|unthinking|
|untie|unties|untied|untied|untying|
|untold|untolds|untolded|untolded|untolding|
|unwind|unwinds|unwound|unwound|unwinding|
|unwrap|unwraps|unwrapped|unwrapped|unwrapping|
|unzip|unzips|unzipped|unzipped|unzipping|
|up|ups|upped|upped|upping|
|upbraid|upbraids|upbraided|upbraided|upbraiding|
|update|updates|updated|updated|updating|
|upend|upends|upended|upended|upending|
|upgrade|upgrades|upgraded|upgraded|upgrading|
|uphold|upholds|upheld|upheld|upholding|
|upholster|upholsters|upholstered|upholstered|upholstering|
|uplift|uplifts|uplifted|uplifted|uplifting|
|upload|uploads|uploaded|uploaded|uploading|
|uproot|uproots|uprooted|uprooted|uprooting|
|upset|upsets|upset|upset|upsetting|
|upstage|upstages|upstaged|upstaged|upstaging|
|urge|urges|urged|urged|urging|
|urinate|urinates|urinated|urinated|urinating|
|use|uses|used|used|using|
|usher|ushers|ushered|ushered|ushering|
|usurp|usurps|usurped|usurped|usurping|
|utilize|utilizes|utilized|utilized|utilizing|
|utter|utters|uttered|uttered|uttering|
|vacate|vacates|vacated|vacated|vacating|
|vaccinate|vaccinates|vaccinated|vaccinated|vaccinating|
|vacillate|vacillates|vacillated|vacillated|vacillating|
|vacuum|vacuums|vacuumed|vacuumed|vacuuming|
|valet|valets|valeted|valeted|valeting|
|validate|validates|validated|validated|validating|
|value|values|valued|valued|valuing|
|vamp|vamps|vamped|vamped|vamping|
|vanish|vanishes|vanished|vanished|vanishing|
|vanquish|vanquishes|vanquished|vanquished|vanquishing|
|vaporize|vaporizes|vaporized|vaporized|vaporizing|
|vary|varies|varied|varied|varying|
|varnish|varnishes|varnished|varnished|varnishing|
|vault|vaults|vaulted|vaulted|vaulting|
|vaunt|vaunts|vaunted|vaunted|vaunting|
|veer|veers|veered|veered|veering|
|veil|veils|veiled|veiled|veiling|
|vend|vends|vended|vended|vending|
|venerate|venerates|venerated|venerated|venerating|
|vengeance|vengeances|vengeanced|vengeanced|vengeancing|
|vengeancing|vengeancings|vengeancingd|vengeancingd|vengeancinging|
|vent|vents|vented|vented|venting|
|ventilate|ventilates|ventilated|ventilated|ventilating|
|venture|ventures|ventured|ventured|venturing|
|verbalize|verbalizes|verbalized|verbalized|verbalizing|
|verify|verifies|verified|verified|verifying|
|verse|verses|versed|versed|versing|
|versify|versifies|versified|versified|versifying|
|veto|vetoes|vetoed|vetoed|vetoing|
|vex|vexes|vexed|vexed|vexing|
|vibrate|vibrates|vibrated|vibrated|vibrating|
|victimize|victimizes|victimized|victimized|victimizing|
|vie|vies|vied|vied|vying|
|view|views|viewed|viewed|viewing|
|vilify|vilifies|vilified|vilified|vilifying|
|vindicate|vindicates|vindicated|vindicated|vindicating|
|violate|violates|violated|violated|violating|
|visa|visas|visaed|visaed|visaing|
|visit|visits|visited|visited|visiting|
|visualize|visualizes|visualized|visualized|visualizing|
|vitiate|vitiates|vitiated|vitiated|vitiating|
|vituperate|vituperates|vituperated|vituperated|vituperating|
|vivify|vivifies|vivified|vivified|vivifying|
|vocalize|vocalizes|vocalized|vocalized|vocalizing|
|vociferate|vociferates|vociferated|vociferated|vociferating|
|voice|voices|voiced|voiced|voicing|
|void|voids|voided|voided|voiding|
|volatilize|volatilizes|volatilized|volatilized|volatilizing|
|volley|volleys|volleyed|volleyed|volleying|
|volunteer|volunteers|volunteered|volunteered|volunteering|
|vomit|vomits|vomited|vomited|vomiting|
|vote|votes|voted|voted|voting|
|vouch|vouches|vouched|vouched|vouching|
|vouchsafe|vouchsafes|vouchsafed|vouchsafed|vouchsafing|
|vow|vows|vowed|vowed|vowing|
|voyage|voyages|voyaged|voyaged|voyaging|
|vulcanize|vulcanizes|vulcanized|vulcanized|vulcanizing|
|vulnerating|vulneratings|vulneratinged|vulneratinged|vulneratinging|
|wad|wads|wadded|wadded|wadding|
|waddle|waddles|waddled|waddled|waddling|
|wade|wades|waded|waded|wading|
|waffle|waffles|waffled|waffled|waffling|
|waft|wafts|wafted|wafted|wafting|
|wag|wags|wagged|wagged|wagging|
|wage|wages|waged|waged|waging|
|waggle|waggles|waggled|waggled|waggling|
|wail|wails|wailed|wailed|wailing|
|wait|waits|waited|waited|waiting|
|waive|waives|waived|waived|waiving|
|wake|wakes|woke|woken|waking|
|walk|walks|walked|walked|walking|
|wall|walls|walled|walled|walling|
|wallow|wallows|wallowed|wallowed|wallowing|
|wallpaper|wallpapers|wallpapered|wallpapered|wallpapering|
|waltz|waltzes|waltzed|waltzed|waltzing|
|wander|wanders|wandered|wandered|wandering|
|wane|wanes|waned|waned|waning|
|want|wants|wanted|wanted|wanting|
|war|wars|warred|warred|warring|
|warble|warbles|warbled|warbled|warbling|
|ward|wards|warded|warded|warding|
|warm|warms|warmed|warmed|warming|
|warn|warns|warned|warned|warning|
|warp|warps|warped|warped|warping|
|warrant|warrants|warranted|warranted|warranting|
|wash|washes|washed|washed|washing|
|waste|wastes|wasted|wasted|wasting|
|watch|watches|watched|watched|watching|
|water|waters|watered|watered|watering|
|waterproof|waterproofs|waterproofed|waterproofed|waterproofing|
|wattle|wattles|wattled|wattled|wattling|
|wave|waves|waved|waved|waving|
|waver|wavers|wavered|wavered|wavering|
|wax|waxes|waxed|waxed|waxing|
|waylay|waylays|waylaid|waylaid|waylaying|
|weaken|weakens|weakened|weakened|weakening|
|wean|weans|weaned|weaned|weaning|
|wear|wears|wore|worn|wearing|
|weary|wearies|wearied|wearied|wearying|
|weather|weathers|weathered|weathered|weathering|
|weave|weaves|wove|woven|weaving|
|wed|weds|wedded|wedded|wedding|
|wedge|wedges|wedged|wedged|wedging|
|weed|weeds|weeded|weeded|weeding|
|weep|weeps|wept|wept|weeping|
|weigh|weighs|weighed|weighed|weighing|
|welcome|welcomes|welcomed|welcomed|welcoming|
|weld|welds|welded|welded|welding|
|well|wells|welled|welled|welling|
|wend|wends|wended|wended|wending|
|westernize|westernizes|westernized|westernized|westernizing|
|wet|wets|wetted|wetted|wetting|
|whack|whacks|whacked|whacked|whacking|
|wheedle|wheedles|wheedled|wheedled|wheedling|
|wheel|wheels|wheeled|wheeled|wheeling|
|wheeze|wheezes|wheezed|wheezed|wheezing|
|whelp|whelps|whelped|whelped|whelping|
|whimper|whimpers|whimpered|whimpered|whimpering|
|whine|whines|whined|whined|whining|
|whinny|whinnies|whinnied|whinnied|whinnying|
|whip|whips|whipped|whipped|whipping|
|whirl|whirls|whirled|whirled|whirling|
|whisk|whisks|whisked|whisked|whisking|
|whisper|whispers|whispered|whispered|whispering|
|whistle|whistles|whistled|whistled|whistling|
|whitewash|whitewashes|whitewashed|whitewashed|whitewashing|
|whiten|whitens|whitened|whitened|whitening|
|whittle|whittles|whittled|whittled|whittling|
|whiz|whizzes|whizzed|whizzed|whizzing|
|wholesale|wholesales|wholesaled|wholesaled|wholesaling|
|whoop|whoops|whooped|whooped|whooping|
|whore|whores|whored|whored|whoring|
|widen|widens|widened|widened|widening|
|widow|widows|widowed|widowed|widowing|
|wield|wields|wielded|wielded|wielding|
|wiggle|wiggles|wiggled|wiggled|wiggling|
|wild|wilds|wilded|wilded|wilding|
|will|wills|willed|willed|willing|
|wilt|wilts|wilted|wilted|wilting|
|win|wins|won|won|winning|
|wince|winces|winced|winced|wincing|
|wind|winds|winded|winded|winding|
|window|windows|windowed|windowed|windowing|
|windsurf|windsurfs|windsurfed|windsurfed|windsurfing|
|wing|wings|winged|winged|winging|
|wink|winks|winked|winked|winking|
|winnow|winnows|winnowed|winnowed|winnowing|
|winter|winters|wintered|wintered|wintering|
|wipe|wipes|wiped|wiped|wiping|
|wire|wires|wired|wired|wiring|
|wise|wises|wised|wised|wising|
|wish|wishes|wished|wished|wishing|
|withdraw|withdraws|withdrew|withdrawn|withdrawing|
|wither|withers|withered|withered|withering|
|withhold|withholds|withheld|withheld|withholding|
|withstand|withstands|withstood|withstood|withstanding|
|witness|witnesses|witnessed|witnessed|witnessing|
|wobble|wobbles|wobbled|wobbled|wobbling|
|womanize|womanizes|womanized|womanized|womanizing|
|wonder|wonders|wondered|wondered|wondering|
|woo|woos|wooed|wooed|wooing|
|work|works|worked|worked|working|
|worry|worries|worried|worried|worrying|
|worsen|worsens|worsened|worsened|worsening|
|worship|worships|worshiped|worshiped|worshiping|
|worth|worths|worthed|worthed|worthing|
|wound|wounds|wounded|wounded|wounding|
|wow|wows|wowed|wowed|wowing|
|wrangle|wrangles|wrangled|wrangled|wrangling|
|wrap|wraps|wrapped|wrapped|wrapping|
|wreak|wreaks|wreaked|wreaked|wreaking|
|wrestle|wrestles|wrestled|wrestled|wrestling|
|wriggle|wriggles|wriggled|wriggled|wriggling|
|wring|wrings|wrung|wrung|wringing|
|wrinkle|wrinkles|wrinkled|wrinkled|wrinkling|
|write|writes|wrote|written|writing|
|writhe|writhes|writhed|writhed|writhing|
|wrong|wrongs|wronged|wronged|wronging|
|x-ray|x-rays|x-rayed|x-rayed|x-raying|
|xerox|xeroxes|xeroxed|xeroxed|xeroxing|
|yammer|yammers|yammered|yammered|yammering|
|yank|yanks|yanked|yanked|yanking|
|yap|yaps|yapped|yapped|yapping|
|yawn|yawns|yawned|yawned|yawning|
|yearn|yearns|yearned|yearned|yearning|
|yell|yells|yelled|yelled|yelling|
|yellow|yellows|yellowed|yellowed|yellowing|
|yelp|yelps|yelped|yelped|yelping|
|yield|yields|yielded|yielded|yielding|
|yodel|yodels|yodeled|yodeled|yodeling|
|yoke|yokes|yoked|yoked|yoking|
|zero|zeroes|zeroed|zeroed|zeroing|
|zigzag|zigzags|zigzagged|zigzagged|zigzagging|
|zip|zips|zipped|zipped|zipping|
|zone|zones|zoned|zoned|zoning|
|zoom|zooms|zoomed|zoomed|zooming|
